displayLink;first;drug;count;label;ratio;label_count
www.medicalmarijuanasupliez.com;purchase;cocaine;54;1;1.0;54
buycokeonline.com;buy;crack;49;1;1.0;49
home-supplies.info;purchase;crack;43;1;1.0;43
bestsyrupshop.com;purchase;crack;40;1;1.0;40
seasidebathsalt.com;purchase;cocaine;23;1;1.0;23
bestmedsstore.com;purchase;cocaine;22;1;1.0;22
researchchemicalintermediates.wholesale.wneducation.com;cheap;mdma;18;1;1.0;18
buycocaineonlineusa.com;buy;cocaine;18;1;1.0;18
www.neropharma.com;cheap;cocaine;17;1;1.0;17
www.midlandpharmacyusa.com;purchase;ecstasy;17;1;1.0;17
cureonlinepharmacy.com;buy;ecstasy;15;1;1.0;15
seller-research-chemicals.com;purchase;cocaine;15;1;1.0;15
www.glushkodrugs.com;get;mdma;15;1;1.0;15
buyrx-online.com;get;ecstasy;14;1;1.0;14
www.cheapweedsonline.com;purchase;cocain;14;1;1.0;14
researchchemicalsupply.com;buy;molly;14;1;1.0;14
legitdrugstore.com;purchase;mdma;13;1;1.0;13
bestmjstrainsonline.com;purchase;mdma;13;1;1.0;13
buycocaineonline4sale.com;cheap;cocaine;11;1;1.0;11
www.balliadaily.com;buy;molly;11;1;1.0;11
benzolabs.com;purchase;meth;11;1;1.0;11
usrearchchemsupplies.com;purchase;meth;10;1;1.0;10
www.transfermarkt.de;purchase;molly;10;1;1.0;10
rc-chemstore.com;purchase;crystal;10;1;1.0;10
www.chemicaldrugstore.com;purchase;mdma;10;1;1.0;10
www.omegachemicalsonline.com;purchase;meth;10;1;1.0;10
www.researchchemicalsbkmdma.com;purchase;mdma;10;1;1.0;10
www.researchchemlab.com;buy;meth;10;1;1.0;10
chemicals4.blogspot.com;get;meth;10;1;1.0;10
worldwide-globalchemicals.com;purchase;cocaine;10;1;1.0;10
pukkaresearchchem.co;cheap;meth;10;1;1.0;10
www.chemicalconsultingnetwork.com;purchase;cocaine;10;1;1.0;10
buyingmdmaonline.com;buy;mdma;9;1;1.0;9
pureresearchchemicalsonline.wordpress.com;purchase;cocain;9;1;1.0;9
highclub.ca;cheap;crack;9;1;1.0;9
pillsorder.online;cheap;mdma;8;1;1.0;8
www.123rchemicals.com;buy;mdma;8;1;1.0;8
blazepharmameds.com;get;mdma;8;1;1.0;8
buycannabisonline.biz;cheap;crack;8;1;1.0;8
www.panjo.com;purchase;cocain;8;1;1.0;8
www.mcafeesecure.com;buy;meth;8;1;1.0;8
www.mollyresearchchemicals.com;buy;molly;8;1;1.0;8
bitcoin-drugs.com;purchase;mdma;8;1;1.0;8
researchchemicalsbkmdma.buy.chinalane.org;cheap;mdma;7;1;1.0;7
darlabulkmeds.com;purchase;cocaine;7;1;1.0;7
goodmanchems.org;purchase;mdma;7;1;1.0;7
buymethadonecialispercocetvaliumdiazepamoxycontin.wordpress.com;cheap;mdma;7;1;1.0;7
silkroadpharmacy.net;buy;molly;7;1;1.0;7
researchchemicalsbkmdma.buy.peerflix.com;get;mdma;6;1;1.0;6
www.purechemshop.com;get;ecstasy;6;1;1.0;6
www.dryspringspharmacy.net;purchase;ecstasy;6;1;1.0;6
www.rcchemicallab.com;purchase;meth;6;1;1.0;6
www.nacsupply.com;purchase;crack;6;1;1.0;6
buychems.com;cheap;ecstasy;6;1;1.0;6
www.freemindedvendor.com;buy;crack;6;1;1.0;6
czugo.cz;cheap;ecstasy;6;1;1.0;6
adzee.com;purchase;cocaine;6;1;1.0;6
standardpharme.com;buy;meth;6;1;1.0;6
www.formulatv.com;buy;cocaine;5;1;1.0;5
am698.wordpress.com;purchase;meth;5;1;1.0;5
www.versandapo.de;swiss;ecstasy;5;1;1.0;5
salem.hellodiem.com;buy;crack;5;1;1.0;5
mdmaonlineshop.blogspot.com;purchase;mdma;5;1;1.0;5
glongoo.com;purchase;meth;5;1;1.0;5
clubhipicoarbayun.com;purchase;meth;5;1;1.0;5
www.achapharmaceuticals.com;buy;ecstasy;5;1;1.0;5
www.diamondmedications.com;cheap;ecstasy;5;1;1.0;5
www.best-reviewer.com;buy;crack;5;1;1.0;5
cocalover.com;get;crack;5;1;1.0;5
healthpillsresearch.com;purchase;cocaine;4;1;1.0;4
denvermarijuanaonline.com;buy;crack;4;1;1.0;4
test.hacan.org;cheap;ecstasy;4;1;1.0;4
www.kamuddrugs.com;cheap;mdma;4;1;1.0;4
www.coincorner.com;purchase;ecstasy;4;1;1.0;4
www.canadaweeddispensary.ca;purchase;crack;4;1;1.0;4
www.pharmahealthgenic.com;buy;ecstasy;4;1;1.0;4
bonafide.news;swiss;mdma;4;1;1.0;4
cannabisavenue.net;buy;crack;4;1;1.0;4
kanapost.com;purchase;crack;4;1;1.0;4
www.health-careshop.com;get;meth;4;1;1.0;4
www.stickyguide.com;cheap;cocaine;4;1;1.0;4
www.vitichemicals.com;buy;ecstasy;4;1;1.0;4
www.benzolabs.com;buy;meth;4;1;1.0;4
ecstasy-molly-hydromorphone-online.blogspot.com;buy;ecstasy;4;1;1.0;4
ukadss.co.uk;purchase;cocain;4;1;1.0;4
www.comivo.com;purchase;mdma;4;1;1.0;4
www.caclubindia.com;purchase;mdma;4;1;1.0;4
www.mmatlanta.org;purchase;mdma;4;1;1.0;4
www.the-khole.com;get;meth;4;1;1.0;4
www.buyrealchems.com;buy;meth;4;1;1.0;4
buycocaine4sale.net;buy;cocaine;4;1;1.0;4
www.bathsaltsale.com;buy;crack;4;1;1.0;4
www.alpharoyalpharmacy.com;cheap;ecstasy;4;1;1.0;4
qualityonlinechem.com;get;mdma;4;1;1.0;4
premier-dream.com;buy;ecstasy;4;1;1.0;4
the-khole.com;cheap;meth;4;1;1.0;4
orderecstasyonline.blogspot.com;buy;ecstasy;3;1;1.0;3
www.megachemstore.com;get;mdma;3;1;1.0;3
www.stephchemstore.com;cheap;meth;3;1;1.0;3
buycocainedrugs.wordpress.com;buy;cocaine;3;1;1.0;3
nlt.njkhr.gdn;cheap;mdma;3;1;1.0;3
ganjaexpress.ca;get;crack;3;1;1.0;3
www.postradar.co.uk;get;cocaine;3;1;1.0;3
houseofcannabis.ca;get;crack;3;1;1.0;3
bk-ebdp.co;purchase;mdma;3;1;1.0;3
www.royalonlinepharmacy.com;buy;cocaine;3;1;1.0;3
cinnamonbayresort.com;purchase;mdma;3;1;1.0;3
toughnickel.com;get;crack;3;1;1.0;3
www.mbna.ca;get;mdma;3;1;1.0;3
brookings.freeclassifieds.com;get;cocain;3;1;1.0;3
www.truechemicals.com;purchase;mdma;3;1;1.0;3
www.researchchemdkweb.com;purchase;meth;3;1;1.0;3
www.purpledranksale.com;purchase;cocain;3;1;1.0;3
www.rotorfx.com;purchase;meth;3;1;1.0;3
buypainkillers4sale.com;purchase;cocaine;3;1;1.0;3
nayochem.blogspot.com;purchase;cocaine;3;1;1.0;3
www.wealthmanagement.com;buy;mdma;3;1;1.0;3
jessicaal.altervista.org;purchase;mdma;3;1;1.0;3
www.listingwala.com;purchase;mdma;3;1;1.0;3
www.xc.lv;purchase;ecstasy;3;1;1.0;3
researchemicalworld.com;buy;crack;3;1;1.0;3
www.gunbroker.com;buy;crack;3;1;1.0;3
researchchemicalsworld.com;purchase;meth;3;1;1.0;3
www.legitchemstore.com;purchase;meth;3;1;1.0;3
tiatrude.ru;purchase;mdma;3;1;1.0;3
buypainmedsusa.com;buy;cocaine;3;1;1.0;3
discreetpoint.wholesale.webtextiles.com;cheap;crystal;3;1;1.0;3
firstratechemicals.com;purchase;cocaine;3;1;1.0;3
www.kezk.bio.univ.gda.pl;purchase;mdma;2;1;1.0;2
www.racefuel.com;purchase;meth;2;1;1.0;2
amphetamineforsaleworldwideblog.wordpress.com;buy;mdma;2;1;1.0;2
www.darknetdrugs.com;get;cocaine;2;1;1.0;2
silkroadpharmacy1.wordpress.com;get;ecstasy;2;1;1.0;2
wwwchemstore07.com;purchase;meth;2;1;1.0;2
buyredmercuryonline.com;cheap;meth;2;1;1.0;2
fjnm.dfgdd.club;purchase;cocaine;2;1;1.0;2
tor.dken.party;purchase;cocaine;2;1;1.0;2
emaid196790897.wordpress.com;buy;cocaine;2;1;1.0;2
sghh.wsujg.gdn;purchase;cocaine;2;1;1.0;2
idrl.rgyuw.gdn;purchase;meth;2;1;1.0;2
researchchemmed.com;buy;mdma;2;1;1.0;2
skymedicationstore.com;cheap;cocaine;2;1;1.0;2
cvr.irujf.loan;cheap;cocaine;2;1;1.0;2
jkk.gvuyr.download;purchase;cocaine;2;1;1.0;2
rishriners.com;purchase;meth;2;1;1.0;2
fernandodini.com.br;buy;ecstasy;2;1;1.0;2
teakada.com;get;crystal;2;1;1.0;2
thepotvault.com;buy;crack;2;1;1.0;2
www.benzopharmacy.com;buy;meth;2;1;1.0;2
www.megapharmashop.com;cheap;meth;2;1;1.0;2
www.finemanpr.com;purchase;meth;2;1;1.0;2
superfastdistributors.com;buy;crystal;2;1;1.0;2
reliablechemshop.com;purchase;mdma;2;1;1.0;2
www.premiumpainkillers.com;purchase;meth;2;1;1.0;2
www.uchemstore.com;get;mdma;2;1;1.0;2
cocaineatverylowcost.blogspot.com;get;cocaine;2;1;1.0;2
nextstar.ca;purchase;crack;2;1;1.0;2
canabissale.com;buy;crack;2;1;1.0;2
www.aradfreetours.com;cheap;meth;2;1;1.0;2
www.ukrpills.com;buy;cocaine;2;1;1.0;2
www.australianmartialarts.com.au;cheap;cocain;2;1;1.0;2
nukhal.com;get;ecstasy;2;1;1.0;2
phoenixpride.org;purchase;mdma;2;1;1.0;2
boe2datea.votawa.com;cheap;ecstasy;2;1;1.0;2
www.goldmedications.com;purchase;cocaine;2;1;1.0;2
giglesmoke.com;buy;crack;2;1;1.0;2
steppingstoneschina.net;cheap;cocaine;2;1;1.0;2
verifybeforeyoubuy.org;purchase;ecstasy;2;1;1.0;2
www.iplsummerschool.com;cheap;cocaine;2;1;1.0;2
www.researchchemhome.com;buy;crystal;2;1;1.0;2
marzrchemicals.com;purchase;cocaine;2;1;1.0;2
www.bestpillshop.com;cheap;mdma;2;1;1.0;2
www.oprahbiotechpharmaceuticalcoltd.com;purchase;cocaine;2;1;1.0;2
www.buyonlinekush.com;buy;crack;2;1;1.0;2
evergreenmedicinal.com;buy;crack;2;1;1.0;2
thecureparlour.ca;buy;crack;2;1;1.0;2
vitichemical.com;cheap;meth;2;1;1.0;2
mtblanco.com;purchase;mdma;2;1;1.0;2
mobile.facebook.com;get;cocain;2;1;1.0;2
www.cat-in-the-bag.com;purchase;mdma;2;1;1.0;2
hotmedstore.com;purchase;mdma;2;1;1.0;2
www.keypostings.com;cheap;cocaine;2;1;1.0;2
budbaymerchant.com;cheap;ecstasy;2;1;1.0;2
zachwholesalemeds.com;purchase;cocaine;2;1;1.0;2
www.ricocashdocument.com;swiss;mdma;2;1;1.0;2
rxhuman.com;buy;ecstasy;2;1;1.0;2
pharmacyhost.com;buy;meth;2;1;1.0;2
www.canabisdispensary.com;buy;crack;2;1;1.0;2
www.angelcrb.co.uk;cheap;ecstasy;2;1;1.0;2
au.pinterest.com;purchase;mdma;2;1;1.0;2
pureresearchchemicals.com;buy;mdma;2;1;1.0;2
friendsofcarolinehospice.org;purchase;ecstasy;2;1;1.0;2
golbalpharmacy.com;get;meth;2;1;1.0;2
www.business.com;purchase;meth;2;1;1.0;2
420-lab.com;buy;crack;2;1;1.0;2
globelpharma.com;buy;crystal;2;1;1.0;2
quest4chem.com;buy;ecstasy;2;1;1.0;2
speedgreen-dispensary.com;cheap;ecstasy;2;1;1.0;2
buyamphetaminecrystalmethamphetamineamphetaminepasteonline.wordpress.com;cheap;meth;2;1;1.0;2
www.lebencenter.com;get;mdma;2;1;1.0;2
roxicod0ne.tumblr.com;purchase;mdma;2;1;1.0;2
ads4world.com;buy;cocain;2;1;1.0;2
www.evensi.us;buy;crystal;2;1;1.0;2
rxinc.net;buy;ecstasy;2;1;1.0;2
www.rainbowmedshop.com;buy;ecstasy;2;1;1.0;2
santimeds.com;purchase;cocaine;2;1;1.0;2
forum.glpi-project.org;cheap;cocaine;2;1;1.0;2
thailandelephant.org;cheap;ecstasy;2;1;1.0;2
qqmedics.com;cheap;ecstasy;2;1;1.0;2
xj2.ugnf.loan;buy;mdma;1;1;1.0;1
www.merityre.co.uk;cheap;crack;1;1;1.0;1
white184.wordpress.com;buy;cocaine;1;1;1.0;1
leafreviews.ca;buy;crack;1;1;1.0;1
buy-ecstasy-pills-online.blogspot.com;buy;ecstasy;1;1;1.0;1
classifieds.com.na;buy;mdma;1;1;1.0;1
newchemicalsmt.tzmfg.com;buy;mdma;1;1;1.0;1
www.sorelrc-store.us;buy;molly;1;1;1.0;1
tampa.askmeclassifieds.com;cheap;mdma;1;1;1.0;1
orderchemicalsonline.com;get;mdma;1;1;1.0;1
buyresearchchemicalsonlineblog.wordpress.com;purchase;mdma;1;1;1.0;1
kaziepharma.en.ec21.com;purchase;mdma;1;1;1.0;1
crystalmethblog.blogspot.com;purchase;meth;1;1;1.0;1
prescriptiondrugabused.com;purchase;molly;1;1;1.0;1
ordersoma.org;cheap;meth;1;1;1.0;1
researchchemicalsbkmdma.quality.chemcyc.com;buy;mdma;1;1;1.0;1
bvdw.wopij.club;buy;cocaine;1;1;1.0;1
vwdz.iruio.download;buy;cocaine;1;1;1.0;1
www.historiccentrevilleva.org;cheap;cocaine;1;1;1.0;1
globalvillagemuseum.org;cheap;meth;1;1;1.0;1
careplushub.com;buy;ecstasy;1;1;1.0;1
www.myfreeposts.com;buy;mdma;1;1;1.0;1
webimprints.wordpress.com;purchase;mdma;1;1;1.0;1
sofastsupplier.com;purchase;mdma;1;1;1.0;1
yzf.irbfh.club;buy;cocaine;1;1;1.0;1
buyamphetamineshcl.blogspot.com;buy;meth;1;1;1.0;1
wo.lavalicorice.com;buy;meth;1;1;1.0;1
www.tradexshop.com;buy;cocaine;1;1;1.0;1
www.askmeclassifieds.com;cheap;mdma;1;1;1.0;1
www.sideissue.org;swiss;cocain;1;1;1.0;1
www.theonlineclinic.co.uk;buy;mdma;1;1;1.0;1
lesimmeublesbanville.com;buy;meth;1;1;1.0;1
graciaschems.en.ec21.com;purchase;mdma;1;1;1.0;1
www.trendingcontent.net;buy;meth;1;1;1.0;1
www.allweedsonline.com;cheap;cocaine;1;1;1.0;1
nashikads.com;buy;mdma;1;1;1.0;1
clickdilse.com;cheap;cocain;1;1;1.0;1
onlineamphetaminedrugsstore.blogspot.com;purchase;ecstasy;1;1;1.0;1
www.bprus.com;swiss;cocaine;1;1;1.0;1
rc-chemsupply.com;buy;mdma;1;1;1.0;1
dnek.soijb.download;buy;mdma;1;1;1.0;1
eycf.xqkj.stream;purchase;mdma;1;1;1.0;1
staouali.com;get;cocaine;1;1;1.0;1
oir.fnujh.loan;buy;cocaine;1;1;1.0;1
newheritagecommunity.com;cheap;mdma;1;1;1.0;1
www.craigjlucas.com;cheap;meth;1;1;1.0;1
85.204.74.242;buy;crack;1;1;1.0;1
www.cannabisonlinesale.com;buy;crack;1;1;1.0;1
weed48.com;buy;crack;1;1;1.0;1
www.gladstoneobserver.com.au;purchase;molly;1;1;1.0;1
www.asphaltdrivewayco.com;cheap;cocaine;1;1;1.0;1
www.jeremywrichter.com;cheap;meth;1;1;1.0;1
pharmacysupply.biz;buy;mdma;1;1;1.0;1
www.imexbb.com;get;mdma;1;1;1.0;1
www.sixfigurejobsearch.com;swiss;molly;1;1;1.0;1
vpi.urjjhj.review;buy;cocaine;1;1;1.0;1
hysterogeny.juststartit.co;cheap;crack;1;1;1.0;1
www.servicebasket.co.za;buy;mdma;1;1;1.0;1
udaipur.oozz.in;buy;mdma;1;1;1.0;1
www.chemedstoreonline.com;get;mdma;1;1;1.0;1
www.distrelec.ch;swiss;crack;1;1;1.0;1
weedcourier.ca;buy;crack;1;1;1.0;1
www.breakawaymusicfestival.com;cheap;crack;1;1;1.0;1
publicphilosophyjournal.org;cheap;meth;1;1;1.0;1
giasuhcm.learntofuture.com;buy;ecstasy;1;1;1.0;1
www.cheapjordanssale-online.com;cheap;crack;1;1;1.0;1
www_newpdsuslmzqazvr.onion.link;get;cocaine;1;1;1.0;1
chemicaldrugstore.com;purchase;mdma;1;1;1.0;1
swissxtracts.com;swiss;crystal;1;1;1.0;1
www.rodeline.ch;cheap;meth;1;1;1.0;1
aroundtheworldinktdays.com;cheap;meth;1;1;1.0;1
mishmash.pt;purchase;ecstasy;1;1;1.0;1
globalchemicals.wordpress.com;get;mdma;1;1;1.0;1
employeeengagement.com;cheap;cocaine;1;1;1.0;1
www.apbt.online-pedigrees.com;cheap;cocain;1;1;1.0;1
pinteres.en.ec21.com;purchase;molly;1;1;1.0;1
us.viadeo.com;cheap;cocaine;1;1;1.0;1
www.adrenalinarena.com;purchase;meth;1;1;1.0;1
www.crisisconferences.com;purchase;cocaine;1;1;1.0;1
www.funnyordie.com;cheap;cocaine;1;1;1.0;1
www.westcostsuppliers.com;cheap;cocaine;1;1;1.0;1
stecrs.com;get;crack;1;1;1.0;1
calisphere.org;get;ecstasy;1;1;1.0;1
truththeory.com;swiss;mdma;1;1;1.0;1
secure.mdg.com;cheap;mdma;1;1;1.0;1
www.yaelzofi.com;cheap;meth;1;1;1.0;1
1to1movement.org;cheap;meth;1;1;1.0;1
www.researchchemicaleu.com;buy;molly;1;1;1.0;1
www.singularchem.com;cheap;mdma;1;1;1.0;1
www.goodideo.com;get;cocaine;1;1;1.0;1
redfusionmedia.com;cheap;meth;1;1;1.0;1
aeriance.fr;swiss;meth;1;1;1.0;1
tcdschools.com;cheap;cocaine;1;1;1.0;1
www.alicjawegorzewska.com;purchase;cocaine;1;1;1.0;1
www.creativedgemarketing.com;purchase;cocaine;1;1;1.0;1
huntington.freeclassifieds.com;buy;meth;1;1;1.0;1
www.classifiedads4free.com;buy;meth;1;1;1.0;1
onlinemedschem.blogspot.com;buy;mdma;1;1;1.0;1
cms.dvidshub.net;cheap;crack;1;1;1.0;1
themedicinalcannabisdispensary.net;buy;crack;1;1;1.0;1
pharmacepa.com;buy;meth;1;1;1.0;1
mdma-molly.blogspot.com;purchase;mdma;1;1;1.0;1
bestchemicalstore.com;buy;mdma;1;1;1.0;1
topchems.buy.bushorchimp.com;cheap;meth;1;1;1.0;1
trizo21.com;cheap;cocaine;1;1;1.0;1
gayunicorns.com;cheap;cocaine;1;1;1.0;1
bonaldo.it;buy;ecstasy;1;1;1.0;1
dazurshutters.com.au;cheap;cocaine;1;1;1.0;1
amphtopsales.com;cheap;crystal;1;1;1.0;1
tr.alzaminilac.com.tr;buy;ecstasy;1;1;1.0;1
bestheroinonline.com;buy;cocaine;1;1;1.0;1
news.gorefabrics.com;swiss;molly;1;1;1.0;1
www.sadaf24.com;buy;meth;1;1;1.0;1
www.indobioagri.com;cheap;ecstasy;1;1;1.0;1
onlinemedicstore.blogspot.com;cheap;mdma;1;1;1.0;1
cocaineshop.net;purchase;cocaine;1;1;1.0;1
www.greengod.ca;purchase;crack;1;1;1.0;1
www.payot.ch;swiss;molly;1;1;1.0;1
www.jackvalve.com;buy;molly;1;1;1.0;1
www.linksthatstink.com;get;crystal;1;1;1.0;1
www.bonaldo.it;buy;ecstasy;1;1;1.0;1
www.naturaverdebio.it;purchase;mdma;1;1;1.0;1
topchems.buy.esadidasol.com;cheap;meth;1;1;1.0;1
www.directsalesrepsevents.com;swiss;mdma;1;1;1.0;1
www.gailvoice.com;cheap;cocaine;1;1;1.0;1
www.ozibids.com;cheap;mdma;1;1;1.0;1
www.celebratingchildrenevent.com;cheap;molly;1;1;1.0;1
www.futuristashish.com;cheap;molly;1;1;1.0;1
cannabisweedshop.com;buy;crack;1;1;1.0;1
cannabislover.org;get;ecstasy;1;1;1.0;1
www.simpsonsmalt.co.uk;cheap;crystal;1;1;1.0;1
www.irv-cip.org;cheap;mdma;1;1;1.0;1
deepdoweb.com;get;cocain;1;1;1.0;1
smart-buildingproducts.com;get;meth;1;1;1.0;1
humanhealthchems.com;purchase;ecstasy;1;1;1.0;1
www.yasminadimeo.com;swiss;cocain;1;1;1.0;1
www.sportsfinancial.org;cheap;cocaine;1;1;1.0;1
buyrealweedonline1.com;buy;crack;1;1;1.0;1
buylegalcannabisdispensary.com;buy;crack;1;1;1.0;1
www.valleynewslive.com;swiss;mdma;1;1;1.0;1
www.kryton.com;swiss;crack;1;1;1.0;1
420spot.ca;buy;crack;1;1;1.0;1
research-chemicalsonline.blogspot.com;buy;ecstasy;1;1;1.0;1
www.tdotautospa.com;cheap;crack;1;1;1.0;1
www.parapandafolk.com;purchase;mdma;1;1;1.0;1
denmar.impulsar.co;buy;cocaine;1;1;1.0;1
www.bestplugonline.com;buy;ecstasy;1;1;1.0;1
www.knowyouroptionscenters.com;cheap;ecstasy;1;1;1.0;1
amphetamineonlinesalesblog.blogspot.com;purchase;meth;1;1;1.0;1
radbuza.net;purchase;cocaine;1;1;1.0;1
chembidprescriptions.com;buy;meth;1;1;1.0;1
www.mollysuptownflorist.com;cheap;molly;1;1;1.0;1
adderallonlinepharm.com;buy;ecstasy;1;1;1.0;1
abandon.kiwisads.co;purchase;crack;1;1;1.0;1
www.worldchemshop.com;buy;mdma;1;1;1.0;1
chemicalsale.info;buy;mdma;1;1;1.0;1
www.dineroxmovil.es;cheap;crack;1;1;1.0;1
www.weedonlinesupplier.com;purchase;ecstasy;1;1;1.0;1
www.buyweedonlineheadshop.com;buy;crack;1;1;1.0;1
discreetpoint.suppliers.howtoaddlikebutton.com;cheap;mdma;1;1;1.0;1
muhammetyildirimofficial.com;get;crystal;1;1;1.0;1
www.freelocalclassifiedads.us;buy;meth;1;1;1.0;1
www.prosafewaypharmacy.com;cheap;mdma;1;1;1.0;1
www.healthylifepharmacy.com;cheap;meth;1;1;1.0;1
www.fanfiction.net;buy;ecstasy;1;1;1.0;1
www.plurk.com;buy;meth;1;1;1.0;1
anna04.tzmfg.com;buy;cocaine;1;1;1.0;1
www.swaggietv.co.uk;cheap;crystal;1;1;1.0;1
effectiveresearchchemicals.com;purchase;mdma;1;1;1.0;1
smokea.com;cheap;crystal;1;1;1.0;1
silkroad-pharmacy.xyz;buy;mdma;1;1;1.0;1
www.poweredbythecity.com;cheap;crack;1;1;1.0;1
www.pureresearchchemicals.com;cheap;meth;1;1;1.0;1
attypip.com;cheap;ecstasy;1;1;1.0;1
www.bigbudworld.com;buy;crack;1;1;1.0;1
dark9online.com;purchase;cocaine;1;1;1.0;1
uvidemchemist.com;purchase;ecstasy;1;1;1.0;1
mss247.wordpress.com;buy;cocain;1;1;1.0;1
onlinecannabisdispensary.blogspot.com;buy;crack;1;1;1.0;1
ganjajoint.net;buy;crack;1;1;1.0;1
solvixmega.com;cheap;mdma;1;1;1.0;1
xmedsupply.com;cheap;mdma;1;1;1.0;1
discreetpoint.blogspot.com;cheap;mdma;1;1;1.0;1
ccbc.co.za;buy;meth;1;1;1.0;1
cheapasdirtpills.com;buy;mdma;1;1;1.0;1
infinitylightsolution.com;get;meth;1;1;1.0;1
www.finestrc.com;swiss;crystal;1;1;1.0;1
www.springtx.com;buy;cocaine;1;1;1.0;1
simonbauer.net;cheap;meth;1;1;1.0;1
atlantisclinic.ca;get;cocaine;1;1;1.0;1
stylebible.com;purchase;cocaine;1;1;1.0;1
www.abcpharmastore.tk;buy;ecstasy;1;1;1.0;1
rotorfx.com;buy;meth;1;1;1.0;1
slonatr.wordpress.com;get;meth;1;1;1.0;1
adderall-percocet-oxycontine-ecstasy.blogspot.com;purchase;ecstasy;1;1;1.0;1
buy-mdma-ecstasy-online.blogspot.com;purchase;mdma;1;1;1.0;1
www.chapters.indigo.ca;buy;molly;1;1;1.0;1
www.curata.com;cheap;meth;1;1;1.0;1
onlinesafemedshop.com;buy;cocain;1;1;1.0;1
www.bid4it.co.nz;buy;crack;1;1;1.0;1
doctorseanclinic.com;buy;crack;1;1;1.0;1
oliviumpharmahempstore.com;buy;crystal;1;1;1.0;1
vdrugstoreonlinemall.com;cheap;meth;1;1;1.0;1
www.apeirons.lv;buy;mdma;1;1;1.0;1
www.worththehigh.com;purchase;meth;31;1;0.967741935483871;30
www.goodwellrx.com;purchase;ecstasy;14;1;0.9285714285714286;13
silkroad-pharmacy.biz;cheap;meth;40;1;0.925;37
getkush.ca;get;crack;13;1;0.9230769230769232;12
k2bathsaltonline.com;purchase;crack;22;1;0.9090909090909092;20
www.discreetcocaine.com;purchase;cocaine;11;1;0.9090909090909092;10
euonlinechemstore.wordpress.com;purchase;cocain;30;1;0.9;27
aptekahealthcare.com;purchase;meth;10;1;0.9;9
onlinemedschem.com;purchase;meth;10;1;0.9;9
fizataexpress.com;purchase;cocaine;9;1;0.8888888888888888;8
www.mollyblooms.co.uk;buy;molly;25;1;0.88;22
www.buyrealweedonline.com;buy;crack;8;1;0.875;7
www.medicalbudshop.com;cheap;crack;8;1;0.875;7
buy-cheap-mdma-ecstasy-online.tumblr.com;cheap;mdma;15;1;0.8666666666666667;13
www.bella-research-chem.com;purchase;meth;28;1;0.8571428571428571;24
www.letsrun.com;buy;mdma;6;1;0.8333333333333334;5
www.westernpharmaz.com;buy;molly;6;1;0.8333333333333334;5
goodrxdrugs.com;cheap;mdma;6;1;0.8333333333333334;5
www.miobambino.it;purchase;cocaine;45;1;0.8222222222222222;37
buymethamphetaminecrystalsonline.wordpress.com;purchase;meth;11;1;0.8181818181818182;9
www.dreamlandmedications.com;purchase;cocain;16;1;0.8125;13
www.buypainmed.com;cheap;mdma;15;1;0.8;12
legitonlinemedssupplier.wordpress.com;cheap;meth;5;1;0.8;4
www.outlived.co.uk;buy;mdma;5;1;0.8;4
www.buyheroinonline.com;get;meth;5;1;0.8;4
pillzpharma.com;purchase;ecstasy;5;1;0.8;4
classifieds.al.com;buy;mdma;19;1;0.7894736842105263;15
cocainedealers.wordpress.com;purchase;mdma;14;1;0.7857142857142857;11
www.alphabetamedications.com;purchase;meth;14;1;0.7857142857142857;11
www.alphabettermedshop.com;cheap;ecstasy;23;1;0.7826086956521741;18
legitpillssupply.com;buy;ecstasy;9;1;0.7777777777777778;7
buycokeandweedsonline.com;purchase;mdma;36;1;0.75;27
www.certifiedpharmacyonline.com;buy;meth;8;1;0.75;6
highbuddy.co.uk;buy;crack;4;1;0.75;3
realmephonline.com;buy;crystal;4;1;0.75;3
www.rackwitz-metals.com;buy;crack;4;1;0.75;3
labrschemicalsupply.com;cheap;meth;4;1;0.75;3
methylonesuppliers.blogspot.com;buy;crystal;4;1;0.75;3
researchchemicalsforsale.org;purchase;meth;4;1;0.75;3
www.accountingweb.com;cheap;meth;4;1;0.75;3
coke24h.com;purchase;cocain;18;1;0.7222222222222222;13
tropicofcandycorn.com;purchase;cocaine;7;1;0.7142857142857143;5
classpharma.com;purchase;meth;7;1;0.7142857142857143;5
thebestdopeconnection.com;purchase;mdma;24;1;0.7083333333333334;17
www.pinterest.dk;cheap;cocaine;10;1;0.7;7
drughouse.store;buy;cocaine;13;1;0.6923076923076923;9
www.greensociety.ca;purchase;crack;13;1;0.6923076923076923;9
us2us-rx.com;purchase;ecstasy;27;1;0.6666666666666666;18
www.buymedsonlinestore.com;purchase;ecstasy;12;1;0.6666666666666666;8
plainchem.com;buy;crystal;6;1;0.6666666666666666;4
localchemsuppliers.com;purchase;meth;6;1;0.6666666666666666;4
ccalaska.com;cheap;meth;3;1;0.6666666666666666;2
www.pcdiga.net;cheap;ecstasy;3;1;0.6666666666666666;2
iconnect2all.com;cheap;meth;3;1;0.6666666666666666;2
silkmedicalstore.com;cheap;cocaine;3;1;0.6666666666666666;2
neropharma.com;cheap;cocain;3;1;0.6666666666666666;2
securityzap.com;get;crack;3;1;0.6666666666666666;2
www.legalmarijuanarealstore.com;buy;crack;3;1;0.6666666666666666;2
www.pittsburghindian.com;buy;crystal;3;1;0.6666666666666666;2
www.flamingho.com;purchase;ecstasy;3;1;0.6666666666666666;2
southcentral.kctcs.edu;get;mdma;3;1;0.6666666666666666;2
amazonmedss.com;purchase;cocaine;17;1;0.6470588235294118;11
www.farwestmedications.com;cheap;cocaine;25;1;0.64;16
herbapproach.com;buy;crack;16;1;0.625;10
www.yellowpages.com;purchase;cocaine;20;1;0.6;12
www.bathsaltforsale.com;buy;mdma;10;1;0.6;6
grofers.com;get;crack;5;1;0.6;3
doobdasher.com;purchase;crack;5;1;0.6;3
ganjagrams.ca;buy;crack;5;1;0.6;3
www.green-pharmaceuticals.com;buy;ecstasy;5;1;0.6;3
greencoloradodragon420.com;purchase;cocaine;31;1;0.5806451612903226;18
www.xsstock.com.au;get;cocain;7;1;0.5714285714285714;4
helloganja.com;buy;crack;7;1;0.5714285714285714;4
researchchemicalsbkmdma.wholesale.wneducation.com;cheap;mdma;7;1;0.5714285714285714;4
buy-crystalmeth-online.blogspot.com;cheap;meth;7;1;0.5714285714285714;4
www.mpjt.com;buy;mdma;7;1;0.5714285714285714;4
drugszun7tvsgsaa.onion.link;purchase;ecstasy;36;1;0.5555555555555556;20
www.buymarijuanaonline.store;purchase;crack;27;1;0.5555555555555556;15
www.tripme.co.nz;cheap;ecstasy;22;1;0.5454545454545454;12
delphamegas.com;buy;mdma;13;1;0.5384615384615384;7
medssupply.net;buy;mdma;15;1;0.5333333333333333;8
www.xmasonlinechem.com;purchase;ecstasy;15;1;0.5333333333333333;8
www.chem-meds.com;get;crack;23;1;0.5217391304347826;12
medssupply.org;buy;meth;54;1;0.5;27
www.gurneyrxonlineshop.com;purchase;cocaine;28;1;0.5;14
www.revcodiscountdrugs.com;buy;cocaine;16;1;0.5;8
www.rxphamacy.com;buy;ecstasy;12;1;0.5;6
reliabledrugdealer.doodlekit.com;buy;ecstasy;10;1;0.5;5
omegaxreseachchemicals.tumblr.com;purchase;meth;8;1;0.5;4
www.newhorizonsbathsalts.com;purchase;meth;6;1;0.5;3
legitrxonline.com;get;mdma;6;1;0.5;3
bio-equip.cn;buy;meth;6;1;0.5;3
www.skymedicationstore.org;buy;mdma;6;1;0.5;3
www.mbna.co.uk;swiss;mdma;4;1;0.5;2
partysecret.club;buy;molly;4;1;0.5;2
blockbooth.com;purchase;cocaine;4;1;0.5;2
museepapierpeint.ch;buy;cocaine;4;1;0.5;2
gogainepowderisonlinenow.blogspot.com;purchase;molly;2;1;0.5;1
rxmeds2you.com;purchase;ecstasy;2;1;0.5;1
olmc.thsdf.gdn;cheap;mdma;2;1;0.5;1
vcp.cdxu.loan;buy;mdma;2;1;0.5;1
www.multifamilybiz.com;cheap;mdma;2;1;0.5;1
undergroundmeth.com;get;meth;2;1;0.5;1
www.skymalldispensary.com;cheap;crack;2;1;0.5;1
forums.markzdanielewski.com;buy;cocaine;2;1;0.5;1
tripme.co.nz;buy;mdma;2;1;0.5;1
truonggiangmocchau.com;cheap;meth;2;1;0.5;1
www.isabellehirschi.com;cheap;crack;2;1;0.5;1
www.vikinghordene.com;purchase;cocaine;2;1;0.5;1
wherecanigetsalvia.blogspot.com;get;ecstasy;2;1;0.5;1
www.festivezone.com;buy;crack;2;1;0.5;1
420sixty.com;buy;crack;2;1;0.5;1
www.acelockandkeyva.com;cheap;molly;2;1;0.5;1
ukrcenter.com;cheap;cocaine;2;1;0.5;1
www.greifvogelpark.ch;cheap;mdma;2;1;0.5;1
inktank.fi;get;mdma;2;1;0.5;1
www.mandywell.com;purchase;crystal;2;1;0.5;1
www.crimeonline.com;buy;crack;2;1;0.5;1
supergearstore.com;buy;crystal;2;1;0.5;1
www.funkommunity.com;cheap;molly;2;1;0.5;1
www.adikraft.com;purchase;cocaine;2;1;0.5;1
www.botanicaldesignsbymontgomery.com;cheap;crystal;2;1;0.5;1
www.slideboom.com;buy;cocaine;2;1;0.5;1
buyrchemonline.com;get;cocaine;2;1;0.5;1
prototypechemicals.com;buy;ecstasy;2;1;0.5;1
www.pharmaroche.com;get;crystal;2;1;0.5;1
dream-pharmacy.com;buy;molly;2;1;0.5;1
sportsandlaughs.tumblr.com;buy;mdma;2;1;0.5;1
blog.kariera.gr;cheap;meth;2;1;0.5;1
comivo.com;purchase;meth;11;1;0.4545454545454545;5
www.cobraintpharmacy.com;buy;mdma;20;1;0.45;9
buymarijuanaonlinenow.com;buy;crack;9;1;0.4444444444444444;4
ecstasytablets.biz;buy;mdma;16;1;0.4375;7
www.legalweedsuppliers.com;buy;crack;7;1;0.42857142857142855;3
www.mensxp.com;swiss;cocain;7;1;0.42857142857142855;3
buypainpills.store;buy;ecstasy;19;1;0.42105263157894735;8
abilene.freeclassifieds.com;buy;cocain;12;1;0.4166666666666667;5
buymdmapillsonline.com;get;mdma;5;1;0.4;2
heroinforsaleonline.com;cheap;mdma;5;1;0.4;2
researchchemicalsbkmdma.buy.slimtheme.com;cheap;mdma;5;1;0.4;2
www.edificiomarvermelho.com;cheap;molly;5;1;0.4;2
listitsellit.us;buy;ecstasy;5;1;0.4;2
www.nzz.ch;swiss;mdma;5;1;0.4;2
utterbuzz.com;swiss;mdma;5;1;0.4;2
www.buypainkillersdrugs.com;buy;cocaine;13;1;0.38461538461538464;5
newworldresearchersintl.com;purchase;cocaine;22;1;0.3636363636363637;8
whitedroppers.com;buy;meth;23;1;0.3478260869565217;8
drugstrading.co;buy;molly;15;1;0.3333333333333333;5
www.kayapharmacy.com;purchase;cocain;12;1;0.3333333333333333;4
thepleasantproducts.com;purchase;cocaine;6;1;0.3333333333333333;2
chemplot.com;buy;crystal;3;1;0.3333333333333333;1
kfdm.com;swiss;meth;3;1;0.3333333333333333;1
watervilleupholstery.com;get;crystal;3;1;0.3333333333333333;1
www.fotografovani.cz;buy;cocaine;3;1;0.3333333333333333;1
www.wklaw.com;purchase;meth;13;1;0.3076923076923077;4
onlinemedchems.com;cheap;ecstasy;20;1;0.3;6
rc-chemical.com;purchase;mdma;10;1;0.3;3
www.scamwarners.com;buy;meth;14;1;0.2857142857142857;4
www.famous-smoke.com;purchase;ecstasy;7;1;0.2857142857142857;2
www.guykawaski.com;cheap;crystal;7;1;0.2857142857142857;2
chemglobalsupply.com;purchase;cocaine;7;1;0.2857142857142857;2
www.thedarkweblinks.com;purchase;cocain;16;1;0.25;4
strkem.com;buy;meth;12;1;0.25;3
shopresearchchem.com;buy;meth;8;1;0.25;2
www.androidpit.com.br;cheap;cocaine;4;1;0.25;1
rxmed2you.com;purchase;ecstasy;4;1;0.25;1
verifieddrugstore.com;buy;mdma;39;1;0.2307692307692308;9
medscomplex.com;purchase;crystal;18;1;0.2222222222222222;4
www.orderchemdrugsonline.com;purchase;mdma;9;1;0.2222222222222222;2
www.myroidshop.us;buy;molly;14;1;0.21428571428571427;3
www.globalresearchchemical.com;purchase;meth;10;1;0.2;2
www.ec21.com;purchase;molly;5;1;0.2;1
photo-bievre.org;cheap;cocaine;5;1;0.2;1
www.drugplaza.net;buy;cocain;5;1;0.2;1
orderesearchchemicals.com;cheap;meth;5;1;0.2;1
www.dischemonlinepharmacy.com;buy;molly;5;1;0.2;1
www.onlinemarijuanaforsale.com;buy;crack;16;1;0.1875;3
www.lesbonsdealers.com;purchase;mdma;6;1;0.16666666666666666;1
www.cyberlex.org;purchase;ecstasy;6;1;0.16666666666666666;1
www.healthysupplies.co.uk;buy;ecstasy;6;1;0.16666666666666666;1
www.instantzendo.com;purchase;crystal;13;1;0.15384615384615385;2
gillianhebblewhite.wordpress.com;swiss;ecstasy;7;1;0.14285714285714285;1
www.wndu.com;swiss;meth;7;1;0.14285714285714285;1
www.leansyrupshop.com;purchase;crack;15;1;0.13333333333333333;2
www.newindiaclassifieds.com;purchase;cocaine;78;1;0.1282051282051282;10
whatson.bfi.org.uk;cheap;ecstasy;10;1;0.1;1
onemonkey.org;purchase;cocain;10;1;0.1;1
buyheroinonline.se;purchase;ecstasy;48;1;0.08333333333333333;4
www.donaldborenstein.com;buy;molly;22;1;0.045454545454545456;1
